City Name,Country Name,Date,Latitude,Longitude,City Temp,City Temp Max,City Humidity,City Wind Speed,City Clouds
meadow lake,US,1627425311.0,34.8014,-106.5436,84.7,88.61,37.0,7.99,40.0
san cristobal,VE,1627425311.0,7.7669,-72.225,78.98,78.98,82.0,2.33,27.0
kenai,US,1627425109.0,60.5544,-151.2583,61.18,70.03,76.0,16.11,20.0
la ronge,CA,1627425312.0,55.1001,-105.2842,75.45,77.22,50.0,5.75,20.0
hammerfest,NO,1627425312.0,70.6634,23.6821,45.05,45.05,100.0,6.91,90.0
doha,QA,1627425162.0,25.2867,51.5333,95.68,96.69,65.0,4.61,0.0
bredasdorp,ZA,1627425313.0,-34.5322,20.0403,56.52,56.52,72.0,12.66,100.0
saint-georges,GD,1627425313.0,12.0564,-61.7485,82.08,82.08,74.0,11.5,20.0
mataura,NZ,1627425143.0,-46.1927,168.8643,50.49,50.49,82.0,0.69,47.0
rikitea,PF,1627425313.0,-23.1203,-134.9692,74.62,74.62,77.0,13.33,100.0
vaini,TO,1627425118.0,-21.2,-175.2,69.96,69.96,88.0,8.05,90.0
busselton,AU,1627425108.0,-33.65,115.3333,46.04,46.04,75.0,12.77,100.0
jiujiang,CN,1627425314.0,29.7333,115.9833,78.66,78.66,90.0,12.84,81.0
nome,US,1627425314.0,64.5011,-165.4064,50.07,51.17,93.0,12.66,90.0
dzaoudzi,YT,1627425314.0,-12.7887,45.2699,73.29,73.29,83.0,9.22,0.0
kapaa,US,1627425314.0,22.0752,-159.319,82.04,84.52,75.0,5.01,90.0
kruisfontein,ZA,1627425106.0,-34.0033,24.7314,52.88,52.88,87.0,13.2,6.0
goundam,ML,1627425249.0,16.4145,-3.6708,86.02,86.02,47.0,10.69,59.0
gold coast,AU,1627425042.0,-28.0,153.4333,58.68,62.01,87.0,10.11,0.0
lac du bonnet,CA,1627425315.0,50.2536,-96.0612,89.11,89.11,23.0,5.55,0.0
andenes,NO,1627425315.0,69.3143,16.1194,48.18,52.07,100.0,9.22,90.0
codrington,AU,1627425108.0,-38.2667,141.9667,49.06,49.06,78.0,20.47,35.0
chuy,UY,1627425316.0,-33.6971,-53.4616,42.93,42.93,68.0,15.95,12.0
bengkulu,ID,1627425316.0,-3.8004,102.2655,72.81,72.81,74.0,5.32,40.0
victoria,HK,1627425316.0,22.2855,114.1577,86.13,87.96,92.0,11.01,98.0
strijen,NL,1627425317.0,51.7452,4.5508,60.76,62.69,88.0,3.0,74.0
husavik,IS,1627425109.0,66.0449,-17.3389,49.91,49.91,99.0,9.44,100.0
kaitangata,NZ,1627425317.0,-46.2817,169.8464,50.94,50.94,66.0,4.03,83.0
camacha,PT,1627425110.0,33.0833,-16.3333,69.21,69.53,64.0,14.97,75.0
yellowknife,CA,1627425317.0,62.456,-114.3525,59.45,59.56,47.0,5.99,75.0
fairbanks,US,1627425179.0,64.8378,-147.7164,64.26,66.54,64.0,1.01,90.0
albany,US,1627425038.0,42.6001,-73.9662,68.04,70.99,86.0,5.01,61.0
okhotsk,RU,1627425318.0,59.3833,143.3,65.16,65.16,76.0,3.74,32.0
new norfolk,AU,1627425318.0,-42.7826,147.0587,51.94,54.9,74.0,7.92,93.0
manta,EC,1627425318.0,-0.95,-80.7333,76.78,76.78,83.0,8.05,20.0
cape town,ZA,1627425319.0,-33.9258,18.4232,53.02,54.09,83.0,1.99,20.0
kargasok,RU,1627425319.0,59.0556,80.8572,54.7,54.7,83.0,6.78,99.0
aginskoye,RU,1627425319.0,51.1,114.53,61.77,61.77,85.0,2.51,22.0
oussouye,SN,1627425320.0,12.485,-16.5469,82.49,82.58,78.0,7.43,100.0
provideniya,RU,1627425320.0,64.3833,-173.3,50.11,50.11,87.0,13.42,90.0
kaoma,ZM,1627425320.0,-14.7833,24.8,47.8,47.8,62.0,5.48,17.0
meulaboh,ID,1627425113.0,4.1363,96.1285,76.24,76.24,90.0,3.62,37.0
sisimiut,GL,1627425321.0,66.9395,-53.6735,53.17,53.17,64.0,13.96,100.0
bluff,NZ,1627425153.0,-46.6,168.3333,50.81,50.81,70.0,14.85,19.0
hofn,IS,1627425321.0,64.2539,-15.2082,54.12,54.12,83.0,5.39,94.0
vargashi,RU,1627425313.0,55.3556,65.8467,52.16,52.16,95.0,7.85,46.0
thompson,CA,1627425110.0,55.7435,-97.8558,77.16,77.16,44.0,12.66,75.0
pevek,RU,1627425322.0,69.7008,170.3133,34.47,34.47,94.0,9.55,100.0
jamestown,US,1627425322.0,42.097,-79.2353,75.24,77.29,65.0,1.01,90.0
phangnga,TH,1627425322.0,8.4509,98.5298,82.38,86.92,95.0,4.63,78.0
okaihau,NZ,1627425322.0,-35.3167,173.7833,59.52,59.52,78.0,3.89,66.0
mecca,SA,1627425135.0,21.4267,39.8261,87.84,87.84,47.0,3.62,81.0
cuamba,MZ,1627425323.0,-14.8031,36.5372,56.57,56.57,86.0,4.56,25.0
tarumovka,RU,1627425323.0,44.0761,46.5361,73.51,73.51,47.0,12.37,98.0
tuktoyaktuk,CA,1627425323.0,69.4541,-133.0374,53.6,53.6,71.0,8.05,75.0
faanui,PF,1627425324.0,-16.4833,-151.75,78.15,78.15,74.0,7.72,25.0
hermanus,ZA,1627425324.0,-34.4187,19.2345,55.8,55.8,75.0,15.7,88.0
ushuaia,AR,1627425324.0,-54.8,-68.3,37.06,37.06,93.0,4.61,90.0
tuatapere,NZ,1627425174.0,-46.1333,167.6833,50.83,50.83,79.0,2.93,7.0
rimbey,CA,1627425325.0,52.6334,-114.2353,70.88,74.32,52.0,5.95,11.0
scarisoara,RO,1627425325.0,44.0,24.5667,74.19,78.31,44.0,5.37,0.0
naze,JP,1627425324.0,28.3667,129.4833,77.92,77.92,87.0,11.25,97.0
east london,ZA,1627425133.0,-33.0153,27.9116,73.06,73.06,25.0,11.81,0.0
ostrovnoy,RU,1627425116.0,68.0531,39.5131,46.04,46.04,88.0,4.32,60.0
stettler,CA,1627425326.0,52.3168,-112.7186,73.15,73.15,68.0,9.22,0.0
chara,RU,1627425326.0,56.9064,118.2631,66.56,66.56,69.0,1.1,99.0
leningradskiy,RU,1627425326.0,69.3833,178.4167,34.16,34.16,98.0,7.96,100.0
banjar,ID,1627425327.0,-8.19,114.9675,75.06,75.06,83.0,5.48,33.0
bonavista,CA,1627425199.0,48.6499,-53.1147,66.2,66.2,97.0,13.42,100.0
bridlington,GB,1627425327.0,54.0831,-0.1919,60.69,62.78,84.0,7.43,92.0
barrow,US,1627425114.0,71.2906,-156.7887,42.82,42.82,84.0,17.27,90.0
norman wells,CA,1627425072.0,65.282,-126.8329,69.84,69.84,56.0,8.05,75.0
arraial do cabo,BR,1627425190.0,-22.9661,-42.0278,78.76,78.76,65.0,4.61,0.0
lompoc,US,1627425145.0,34.6391,-120.4579,71.37,85.14,73.0,13.8,75.0
talnakh,RU,1627425328.0,69.4865,88.3972,65.59,65.59,88.0,6.98,90.0
dovers,VC,1627425328.0,12.8833,-61.1833,80.19,80.19,78.0,13.62,54.0
airai,TL,1627425328.0,-8.9266,125.4092,61.07,61.07,62.0,3.69,52.0
zhicheng,CN,1627425329.0,30.2956,111.5047,79.16,79.16,84.0,3.4,0.0
hilo,US,1627425329.0,19.7297,-155.09,77.54,80.33,83.0,9.22,90.0
kavieng,PG,1627425329.0,-2.5744,150.7967,85.01,85.01,69.0,10.76,14.0
tocopilla,CL,1627425113.0,-22.092,-70.1979,61.7,61.7,67.0,10.2,15.0
guerrero negro,MX,1627425330.0,27.9769,-114.0611,79.66,79.66,54.0,16.28,0.0
henties bay,NA,1627425330.0,-22.116,14.2845,57.85,57.85,84.0,7.27,0.0
flinders,AU,1627425330.0,-34.5833,150.8552,59.0,60.39,50.0,9.91,79.0
sept-iles,CA,1627425331.0,50.2001,-66.3821,66.72,66.72,68.0,8.05,75.0
kupang,ID,1627425331.0,-10.1667,123.5833,73.98,73.98,78.0,8.05,20.0
the valley,AI,1627425052.0,18.217,-63.0578,84.29,84.34,70.0,12.66,40.0
pyaozerskiy,RU,1627425331.0,65.8333,31.1667,58.59,58.59,65.0,7.52,30.0
geraldton,AU,1627425331.0,-28.7667,114.6,54.01,62.13,87.0,3.44,75.0
severo-kurilsk,RU,1627425134.0,50.6789,156.125,57.27,57.27,95.0,5.97,100.0
mar del plata,AR,1627425143.0,-38.0023,-57.5575,46.89,47.12,63.0,11.99,75.0
northview,US,1627425332.0,43.0456,-85.6006,82.63,85.15,55.0,1.99,20.0
cozumel,MX,1627425114.0,20.5083,-86.9458,87.26,87.94,72.0,5.01,40.0
hithadhoo,MV,1627425332.0,-0.6,73.0833,80.92,80.92,78.0,7.78,97.0
krasnogorskoye,RU,1627425333.0,52.2953,86.1979,53.13,53.13,90.0,2.46,58.0
ngunguru,NZ,1627425333.0,-35.6167,174.5,62.17,62.17,71.0,12.08,89.0
ahipara,NZ,1627425138.0,-35.1667,173.1667,58.96,58.96,82.0,7.92,44.0
safaga,EG,1627425333.0,26.7292,33.9365,91.35,91.35,38.0,12.57,2.0
lahat,ID,1627425333.0,-3.8,103.5333,66.65,66.65,77.0,3.02,48.0
kudahuvadhoo,MV,1627425334.0,2.6708,72.8944,80.78,80.78,75.0,8.68,99.0
bethel,US,1627425160.0,41.3712,-73.414,82.9,86.49,60.0,11.5,1.0
palu,ID,1627425334.0,-0.8917,119.8707,75.97,75.97,91.0,2.98,67.0
castro,BR,1627425334.0,-24.7911,-50.0119,48.38,48.38,93.0,6.78,100.0
grindavik,IS,1627425335.0,63.8424,-22.4338,51.93,54.9,93.0,17.27,0.0
salinopolis,BR,1627425335.0,-0.6136,-47.3561,79.2,79.2,80.0,10.4,17.0
kodiak,US,1627425335.0,57.79,-152.4072,60.31,60.31,63.0,3.44,75.0
laguna,US,1627425055.0,38.421,-121.4238,95.43,103.05,22.0,1.01,1.0
cafarnaum,BR,1627425336.0,-11.6936,-41.4683,67.71,67.71,69.0,8.66,3.0
santa cruz de la palma,ES,1627425337.0,28.6835,-17.7642,73.54,73.54,68.0,14.97,75.0
te anau,NZ,1627425337.0,-45.4167,167.7167,48.11,48.11,83.0,3.11,19.0
ilulissat,GL,1627425176.0,69.2167,-51.1,55.42,55.42,62.0,2.3,100.0
seoul,KR,1627425334.0,37.5683,126.9778,81.75,83.77,74.0,5.75,0.0
waddan,LY,1627425338.0,29.1614,16.139,78.06,78.06,51.0,14.36,0.0
hamilton,US,1627425338.0,39.1834,-84.5333,87.4,89.78,52.0,1.99,1.0
avarua,CK,1627425125.0,-21.2078,-159.775,77.05,77.05,65.0,4.61,91.0
carnarvon,AU,1627425072.0,-24.8667,113.6333,57.27,57.27,54.0,4.61,100.0
punta arenas,CL,1627425110.0,-53.15,-70.9167,42.91,42.91,87.0,10.36,75.0
upernavik,GL,1627425185.0,72.7868,-56.1549,49.01,49.01,74.0,14.38,100.0
san patricio,US,1627425210.0,28.017,-97.5169,91.71,95.72,46.0,12.73,88.0
eyl,SO,1627425339.0,7.9803,49.8164,79.56,79.56,51.0,26.31,98.0
darhan,MN,1627425339.0,49.4867,105.9228,63.7,63.7,76.0,1.25,7.0
kondinskoye,RU,1627425339.0,59.6481,67.41,43.88,43.88,84.0,6.55,20.0
tasiilaq,GL,1627425108.0,65.6145,-37.6368,44.76,44.76,79.0,7.81,31.0
san pedro,PH,1627425339.0,14.35,121.0167,76.59,82.15,95.0,11.5,90.0
port alfred,ZA,1627425066.0,-33.5906,26.891,63.45,63.45,73.0,14.18,12.0
eufaula,US,1627425312.0,31.8913,-85.1455,75.24,79.23,94.0,0.0,90.0
oda,JP,1627425340.0,35.1833,132.5,77.77,77.77,78.0,2.73,80.0
zihuatanejo,MX,1627425340.0,17.6333,-101.55,91.49,91.49,55.0,5.75,40.0
saldanha,ZA,1627425175.0,-33.0117,17.9442,55.45,55.45,76.0,8.08,100.0
sola,VU,1627425341.0,-13.8833,167.55,81.27,81.27,78.0,11.5,75.0
santiago del estero,AR,1627425341.0,-27.7951,-64.2615,48.81,48.81,34.0,5.3,0.0
djambala,CG,1627425341.0,-2.5447,14.7533,72.16,72.16,37.0,3.36,45.0
okato,NZ,1627425342.0,-39.2,173.8833,51.69,55.42,79.0,10.0,69.0
loyga,RU,1627425342.0,61.0784,44.6075,45.14,45.14,83.0,4.72,20.0
saint-philippe,RE,1627425342.0,-21.3585,55.7679,63.99,67.55,87.0,13.33,53.0
jamundi,CO,1627425342.0,3.2607,-76.535,80.56,80.56,83.0,0.76,96.0
wuwei,CN,1627425343.0,37.9281,102.6414,69.26,69.26,35.0,5.7,82.0
dukat,RU,1627425131.0,62.55,155.55,43.0,43.0,69.0,7.9,100.0
mezen,RU,1627425343.0,65.8522,44.24,42.78,42.78,90.0,5.64,86.0
atuona,PF,1627425344.0,-9.8,-139.0333,78.19,78.19,66.0,18.95,15.0
ouagadougou,BF,1627425344.0,12.3642,-1.5383,77.13,77.13,94.0,4.61,20.0
mangochi,MW,1627425344.0,-14.4782,35.2645,59.2,59.2,74.0,6.08,41.0
belmonte,BR,1627425344.0,-15.8631,-38.8828,73.9,73.9,84.0,9.6,14.0
nikolskoye,RU,1627425345.0,59.7035,30.7861,66.42,68.4,64.0,4.94,92.0
gandorhun,SL,1627425345.0,7.5,-11.8333,73.53,73.53,95.0,3.76,100.0
georgetown,MY,1627425345.0,5.4112,100.3354,81.28,82.89,87.0,1.99,20.0
hobart,AU,1627425118.0,-42.8794,147.3294,52.63,55.26,82.0,1.99,40.0
tallahassee,US,1627425346.0,30.4383,-84.2807,79.65,88.27,86.0,5.75,75.0
sorland,NO,1627425346.0,67.667,12.6934,55.27,55.27,87.0,10.76,5.0
walvis bay,NA,1627425226.0,-22.9575,14.5053,58.15,58.15,72.0,1.14,0.0
biak,ID,1627425346.0,-0.9131,122.8766,76.86,76.86,80.0,7.43,85.0
dikson,RU,1627425347.0,73.5069,80.5464,39.22,39.22,100.0,17.87,100.0
ponta do sol,PT,1627425347.0,32.6667,-17.1,72.95,73.13,69.0,5.91,9.0
mirpur mathelo,PK,1627425347.0,28.0227,69.5489,85.91,85.91,66.0,14.32,100.0
torbay,CA,1627425265.0,47.6666,-52.7314,66.51,66.97,98.0,17.27,90.0
sitka,US,1627425135.0,57.0531,-135.33,58.89,58.89,82.0,0.0,90.0
cherskiy,RU,1627425315.0,68.75,161.3,38.21,38.21,78.0,18.52,100.0
ipora,BR,1627425348.0,-16.4419,-51.1178,72.66,72.66,36.0,3.0,4.0
mahuva,IN,1627425348.0,21.0914,71.7622,80.96,80.96,84.0,20.92,100.0
nanortalik,GL,1627425348.0,60.1432,-45.2371,46.42,46.42,76.0,3.85,55.0
abu dhabi,AE,1627425252.0,24.4667,54.3667,93.22,95.11,62.0,4.61,0.0
bam,IR,1627425349.0,29.106,58.357,86.74,86.74,15.0,13.78,100.0
pathalgaon,IN,1627425349.0,22.5667,83.4667,71.91,71.91,97.0,8.37,100.0
axim,GH,1627425349.0,4.8699,-2.2405,75.83,75.83,82.0,8.3,99.0
chicama,PE,1627425349.0,-7.8447,-79.1469,64.94,64.94,79.0,10.49,13.0
luang prabang,LA,1627425350.0,19.8856,102.1347,72.18,72.18,100.0,1.59,85.0
qaanaaq,GL,1627425350.0,77.484,-69.3632,41.77,41.77,99.0,5.95,100.0
tiksi,RU,1627425131.0,71.6872,128.8694,39.85,39.85,85.0,10.42,47.0
valdivia,CL,1627425125.0,-39.8142,-73.2459,48.29,48.29,90.0,3.94,9.0
mount gambier,AU,1627425350.0,-37.8333,140.7667,46.31,46.31,87.0,10.36,75.0
kemnay,GB,1627425351.0,57.2357,-2.444,60.8,61.43,96.0,1.99,90.0
lorengau,PG,1627425351.0,-2.0226,147.2712,84.65,84.65,71.0,6.24,7.0
klaksvik,FO,1627425351.0,62.2266,-6.589,52.72,52.72,96.0,9.33,94.0
simbahan,PH,1627425352.0,6.3032,120.5836,83.89,83.89,78.0,13.71,79.0
paamiut,GL,1627425244.0,61.994,-49.6678,44.8,44.8,78.0,9.35,11.0
japura,ID,1627425352.0,-0.3167,102.35,70.56,70.56,79.0,3.24,83.0
pangnirtung,CA,1627425352.0,66.1451,-65.7125,46.4,46.4,100.0,0.0,90.0
narsaq,GL,1627425352.0,60.9167,-46.05,50.22,50.22,70.0,4.36,60.0
auki,SB,1627425353.0,-8.7676,160.7034,82.99,82.99,70.0,4.79,70.0
moerai,PF,1627425354.0,-22.4333,-151.3333,74.16,74.16,71.0,11.27,87.0
sarankhola,BD,1627425354.0,22.3082,89.7897,78.31,78.31,94.0,8.19,100.0
eslov,SE,1627425355.0,55.8393,13.3039,62.31,67.24,88.0,5.91,56.0
zhigansk,RU,1627425355.0,66.7697,123.3711,53.76,53.76,63.0,15.41,32.0
vanimo,PG,1627425355.0,-2.6741,141.3028,80.4,80.4,86.0,5.48,87.0
pontianak,ID,1627425355.0,-0.0333,109.3333,76.98,76.98,94.0,3.44,75.0
butaritari,KI,1627425356.0,3.0707,172.7902,81.61,81.61,70.0,1.88,98.0
miyako,JP,1627425356.0,39.6367,141.9525,73.78,73.78,96.0,18.1,100.0
kununurra,AU,1627425356.0,-15.7667,128.7333,64.38,64.38,94.0,1.14,7.0
charlestown,AU,1627425232.0,-32.95,151.6667,62.37,67.1,50.0,13.0,63.0
dingle,PH,1627425357.0,10.9995,122.6711,80.46,80.46,84.0,10.4,100.0
abrau-dyurso,RU,1627425357.0,44.69,37.59,62.06,62.06,65.0,13.6,0.0
puerto ayora,EC,1627425357.0,-0.7393,-90.3518,80.56,80.56,74.0,11.54,10.0
balykshi,KZ,1627425358.0,47.0667,51.8667,75.2,75.2,31.0,4.47,0.0
longyearbyen,SJ,1627425358.0,78.2186,15.6401,44.44,44.44,87.0,11.5,75.0
susehri,TR,1627425358.0,40.1644,38.0867,62.22,62.22,84.0,5.5,55.0
komsomolskiy,UZ,1627425358.0,40.4272,71.7189,81.32,81.32,39.0,4.61,2.0
bosaso,SO,1627425156.0,11.2842,49.1816,87.6,87.6,42.0,27.11,8.0
souillac,MU,1627425359.0,-20.5167,57.5167,66.58,68.36,100.0,19.57,75.0
itaituba,BR,1627425064.0,-4.2761,-55.9836,81.25,81.25,46.0,0.31,21.0
lata,PT,1627425359.0,40.1629,-8.3327,62.53,63.05,98.0,2.71,3.0
harare,ZW,1627425359.0,-17.8294,31.0539,48.81,48.81,78.0,6.2,0.0
miracema do tocantins,BR,1627425360.0,-9.5618,-48.3967,80.24,80.24,32.0,3.06,2.0
jiblah,YE,1627425360.0,13.9216,44.1467,64.76,64.76,81.0,0.78,56.0
mehamn,NO,1627425360.0,71.0357,27.8492,46.13,46.13,91.0,6.15,49.0
khatanga,RU,1627425361.0,71.9667,102.5,77.56,77.56,55.0,16.35,82.0
sur,OM,1627425136.0,22.5667,59.5289,94.96,94.96,45.0,22.01,100.0
vagur,FO,1627425361.0,61.4732,-6.8119,51.8,51.8,95.0,11.27,80.0
guilin,CN,1627425361.0,25.2819,110.2864,75.31,75.31,84.0,2.66,14.0
port elizabeth,ZA,1627425105.0,-33.918,25.5701,59.29,59.29,88.0,12.66,0.0
sorrento,IT,1627425362.0,40.626,14.3744,81.28,84.65,59.0,8.05,0.0
salalah,OM,1627425363.0,17.0151,54.0924,78.89,78.89,89.0,9.22,90.0
margate,GB,1627425085.0,51.3813,1.3862,61.16,63.3,87.0,1.99,22.0
kamarion,GR,1627425364.0,36.8,25.8167,77.45,78.22,74.0,22.82,0.0
poum,NC,1627425364.0,-20.2333,164.0167,71.28,71.28,61.0,13.42,2.0
adrar,MR,1627425364.0,20.5022,-10.0711,90.99,90.99,23.0,12.84,100.0
santander,ES,1627425365.0,43.4647,-3.8044,65.14,66.45,85.0,5.01,20.0
grand-santi,GF,1627425365.0,4.25,-54.3833,77.92,77.92,77.0,2.13,79.0
filadelfia,US,1627425169.0,39.9523,-75.1638,89.26,92.95,44.0,5.01,40.0
lodja,CD,1627425365.0,-3.4833,23.4333,69.91,69.91,39.0,1.32,50.0
luganville,VU,1627425365.0,-15.5333,167.1667,77.83,77.83,84.0,13.09,93.0
lasa,IT,1627425366.0,46.6166,10.7002,61.72,63.86,93.0,3.44,96.0
chokurdakh,RU,1627425067.0,70.6333,147.9167,40.51,40.51,70.0,11.23,100.0
avera,US,1627425366.0,33.194,-82.5271,84.65,90.91,49.0,1.23,59.0
cabo san lucas,MX,1627425177.0,22.8909,-109.9124,90.95,96.8,58.0,13.8,1.0
alofi,NU,1627425366.0,-19.0595,-169.9187,80.49,80.49,74.0,5.75,75.0
medicine hat,CA,1627425367.0,50.0501,-110.6683,91.67,92.21,24.0,1.01,75.0
saint george,US,1627425123.0,37.1041,-113.5841,94.3,95.63,29.0,1.01,1.0
uyar,RU,1627425367.0,55.81,94.3153,54.95,54.95,94.0,6.38,95.0
diamantino,BR,1627425368.0,-14.4086,-56.4461,83.08,83.08,37.0,7.67,60.0
padang,ID,1627425368.0,-0.9492,100.3543,75.25,75.25,88.0,3.76,50.0
bathsheba,BB,1627425368.0,13.2167,-59.5167,83.01,83.01,69.0,17.27,20.0
nioro,GM,1627425370.0,13.35,-15.75,79.7,79.7,75.0,9.01,100.0
amapa,BR,1627425370.0,1.0,-52.0,72.64,72.64,96.0,1.39,11.0
barabinsk,RU,1627425365.0,55.3571,78.357,57.22,57.22,64.0,5.77,100.0
ribeira grande,PT,1627425370.0,38.5167,-28.7,72.32,72.32,83.0,10.94,73.0
mayo,US,1627425371.0,38.8876,-76.5119,89.37,94.73,62.0,4.0,1.0
villa park,US,1627425371.0,41.8898,-87.989,86.09,88.93,56.0,1.99,40.0
dudinka,RU,1627425132.0,69.4058,86.1778,54.95,54.95,93.0,7.56,94.0
san rafael,AR,1627425372.0,-34.6177,-68.3301,43.86,43.86,30.0,5.08,14.0
mareeba,AU,1627425372.0,-17.0,145.4333,66.4,66.43,86.0,3.44,11.0
rocha,UY,1627425372.0,-34.4833,-54.3333,44.02,44.02,70.0,18.9,31.0
nago,JP,1627425373.0,26.5881,127.9761,80.6,82.47,89.0,11.16,96.0
ancud,CL,1627425373.0,-41.8697,-73.8203,47.73,47.73,81.0,2.82,97.0
temir,KZ,1627425373.0,49.1414,57.13,67.01,67.01,44.0,9.57,80.0
presidente medici,BR,1627425373.0,-11.1753,-61.9014,85.14,85.14,36.0,4.47,65.0
porto santo,PT,1627425374.0,33.072,-16.3415,71.98,72.3,64.0,14.97,75.0
luderitz,NA,1627425374.0,-26.6481,15.1594,55.8,55.8,74.0,9.8,0.0
hasaki,JP,1627425374.0,35.7333,140.8333,78.73,79.2,83.0,16.53,76.0
pita,GN,1627425375.0,10.8333,-12.5833,73.63,73.63,97.0,3.42,99.0
bayir,TR,1627425375.0,37.2687,28.2167,75.72,75.72,41.0,6.06,0.0
koungheul,SN,1627425375.0,13.9833,-14.8,84.0,84.0,64.0,12.66,99.0
sarasota,US,1627425306.0,27.167,-82.3332,83.59,85.95,84.0,4.61,1.0
marsa matruh,EG,1627425376.0,31.3525,27.2453,79.0,79.0,78.0,2.3,0.0
dzhebariki-khaya,RU,1627425376.0,62.2167,135.8,63.93,63.93,58.0,8.12,49.0
svetlogorsk,BY,1627425376.0,52.6333,29.7333,64.4,64.4,95.0,4.29,100.0
moultonborough,US,1627425141.0,43.7548,-71.3967,64.56,68.47,92.0,1.9,99.0
santa isabel do rio negro,BR,1627425377.0,-0.4139,-65.0192,77.23,77.23,87.0,2.75,100.0
dunedin,NZ,1627425141.0,-45.8742,170.5036,51.8,51.8,67.0,11.99,11.0
jahanabad,IN,1627425377.0,25.2167,84.9833,78.64,82.96,87.0,4.45,100.0
kasempa,ZM,1627425377.0,-13.4584,25.8338,50.59,50.59,59.0,4.88,91.0
ponta delgada,PT,1627425278.0,37.7333,-25.6667,68.72,68.72,83.0,24.16,20.0
ginda,IN,1627425378.0,30.6945,78.4932,68.63,68.63,100.0,2.44,100.0
wawa,NG,1627425378.0,9.9022,4.4192,71.83,71.83,95.0,3.87,100.0
kutum,SD,1627425378.0,14.2,24.6667,70.32,70.32,79.0,10.65,92.0
umm lajj,SA,1627425378.0,25.0213,37.2685,87.08,87.08,67.0,8.16,82.0
wukari,NG,1627425379.0,7.85,9.7833,70.9,70.9,80.0,3.76,73.0
pangody,RU,1627425207.0,65.85,74.4859,46.74,46.74,68.0,8.93,11.0
ixtapa,MX,1627425191.0,20.7,-105.2,88.83,89.22,62.0,11.5,20.0
wolgast,DE,1627425379.0,54.05,13.7667,66.85,66.85,82.0,2.82,62.0
bubaque,GW,1627425379.0,11.2833,-15.8333,79.88,79.88,82.0,8.41,97.0
balkanabat,TM,1627425179.0,39.5108,54.3671,89.74,89.74,28.0,6.26,3.0
jalingo,NG,1627425380.0,8.8833,11.3667,72.03,72.03,86.0,4.32,99.0
katsuura,JP,1627425380.0,35.1333,140.3,81.0,84.11,82.0,18.07,100.0
sassandra,CI,1627425380.0,4.95,-6.0833,75.31,75.31,83.0,7.47,70.0
vila velha,BR,1627425381.0,-20.3297,-40.2925,77.97,77.97,71.0,10.36,0.0
mahebourg,MU,1627425381.0,-20.4081,57.7,66.49,68.25,100.0,19.57,75.0
broome,US,1627425381.0,42.2506,-75.833,67.75,72.18,95.0,3.0,40.0
saskylakh,RU,1627425382.0,71.9167,114.0833,58.33,58.33,60.0,18.14,18.0
tateyama,JP,1627425181.0,34.9833,139.8667,80.67,84.02,83.0,18.21,97.0
blagoyevo,RU,1627425382.0,63.3667,47.9167,46.31,46.31,77.0,6.78,100.0
brae,GB,1627425382.0,60.3964,-1.353,55.31,55.31,94.0,4.23,57.0
great yarmouth,GB,1627425242.0,52.6083,1.7305,60.62,62.42,94.0,11.43,74.0
martinsville,US,1627425383.0,36.6915,-79.8725,87.26,93.15,66.0,0.0,40.0
vardo,NO,1627425176.0,70.3705,31.1107,46.92,46.92,88.0,12.91,86.0
bhag,PK,1627425383.0,29.0415,67.8239,93.38,93.38,48.0,10.71,94.0
yerbogachen,RU,1627425383.0,61.2767,108.0108,70.12,70.12,63.0,5.75,5.0
bonthe,SL,1627425384.0,7.5264,-12.505,77.18,77.18,84.0,11.05,100.0
ulladulla,AU,1627425384.0,-35.35,150.4667,58.03,60.76,42.0,5.91,50.0
suntar,RU,1627425384.0,62.1444,117.6319,72.63,72.63,58.0,3.31,39.0
sabha,LY,1627425385.0,27.0377,14.4283,84.87,84.87,22.0,11.18,0.0
fengzhen,CN,1627425385.0,40.4394,113.1536,68.67,68.67,67.0,2.33,78.0
saint-leu,RE,1627425385.0,-21.15,55.2833,63.46,67.03,71.0,6.02,56.0
constitucion,CL,1627425386.0,-35.3333,-72.4167,48.02,48.02,73.0,7.16,0.0
tual,ID,1627425253.0,-5.6667,132.75,80.67,80.67,82.0,16.33,82.0
sao jose da coroa grande,BR,1627425386.0,-8.8978,-35.1478,74.84,74.84,85.0,7.16,25.0
iralaya,HN,1627425386.0,15.0,-83.2333,82.49,82.49,84.0,10.33,100.0
gorontalo,ID,1627425387.0,0.5412,123.0595,76.75,76.75,85.0,2.51,41.0
moranbah,AU,1627425387.0,-22.0016,148.0466,63.61,63.61,64.0,5.08,2.0
sangar,RU,1627425193.0,63.9242,127.4739,63.59,63.59,53.0,0.58,17.0
yibin,CN,1627425221.0,28.7667,104.6238,74.82,74.82,91.0,3.2,17.0
sahuaripa,MX,1627425387.0,29.05,-109.2333,98.24,98.24,30.0,2.86,6.0
kalmunai,LK,1627425388.0,7.4167,81.8167,80.98,80.98,71.0,5.03,99.0
tamandare,BR,1627425388.0,-8.7597,-35.1047,74.55,74.55,86.0,6.91,20.0
sumbe,AO,1627425388.0,-11.2061,13.8437,70.02,70.02,89.0,9.06,85.0
mahanje,TZ,1627425388.0,-9.9333,35.3333,49.89,49.89,77.0,2.75,0.0
turukhansk,RU,1627425389.0,65.8167,87.9833,51.89,51.89,92.0,6.17,100.0
port lincoln,AU,1627425263.0,-34.7333,135.8667,53.2,53.2,66.0,26.06,6.0
gazojak,TM,1627425389.0,41.1875,61.4036,76.68,76.68,25.0,12.68,0.0
raudeberg,NO,1627425389.0,61.9875,5.1352,59.95,63.19,96.0,9.66,100.0
lagoa,PT,1627425240.0,39.05,-27.9833,71.22,71.22,85.0,10.45,100.0
yerofey pavlovich,RU,1627425149.0,53.9667,121.9667,60.42,60.42,92.0,2.64,100.0
cidreira,BR,1627425165.0,-30.1811,-50.2056,49.89,49.89,48.0,19.64,41.0
laredo,US,1627425335.0,27.5064,-99.5075,99.81,100.69,24.0,6.91,1.0
lebu,CL,1627425391.0,-37.6167,-73.65,47.75,47.75,78.0,23.06,0.0
lavrentiya,RU,1627425391.0,65.5833,-171.0,44.33,44.33,99.0,9.66,100.0
quilpue,CL,1627425392.0,-33.045,-71.4494,54.64,55.49,64.0,17.27,0.0
kawalu,ID,1627425113.0,-7.3817,108.2082,70.34,70.34,92.0,0.63,86.0
areosa,PT,1627425392.0,41.7178,-8.8571,64.81,67.32,87.0,13.44,0.0
rio branco,BR,1627425392.0,-9.9747,-67.81,84.81,84.81,65.0,3.44,20.0
kahului,US,1627425393.0,20.8947,-156.47,82.44,87.82,72.0,23.02,40.0
excelsior springs,US,1627425393.0,39.3392,-94.2261,92.26,95.61,57.0,6.15,0.0
fort-shevchenko,KZ,1627425394.0,44.5086,50.263,79.59,79.59,44.0,22.91,100.0
saint-francois,FR,1627425394.0,46.4154,3.9054,60.13,63.18,97.0,2.3,90.0
adwa,ET,1627425394.0,14.1646,38.8955,63.12,63.12,90.0,5.53,96.0
morant bay,JM,1627425395.0,17.8815,-76.4093,85.62,85.62,79.0,7.54,72.0
villa sandino,NI,1627425395.0,12.0483,-84.9936,79.97,79.97,89.0,9.26,100.0
asau,RO,1627425396.0,46.4333,26.4,70.57,70.95,75.0,5.55,43.0
west wendover,US,1627425396.0,40.7391,-114.0733,94.21,94.21,24.0,8.05,1.0
ihiala,NG,1627425396.0,5.8538,6.8603,70.97,70.97,90.0,3.87,86.0
grand gaube,MU,1627425109.0,-20.0064,57.6608,68.38,68.38,90.0,5.01,74.0
pictou,CA,1627425397.0,45.6834,-62.7153,76.01,76.44,73.0,8.05,80.0
bandarbeyla,SO,1627425397.0,9.4942,50.8122,80.33,80.33,64.0,26.46,13.0
puqi,CN,1627425397.0,29.7167,113.8833,77.09,77.09,94.0,4.81,11.0
oktyabrskiy,RU,1627425398.0,54.4815,53.471,51.24,51.24,84.0,3.74,2.0
rongcheng,CN,1627425398.0,30.634,117.8517,77.0,77.0,97.0,6.71,100.0
griffith,US,1627425398.0,41.5284,-87.4237,85.98,89.1,57.0,1.01,1.0
magalia,US,1627425398.0,39.8121,-121.5783,79.54,82.11,37.0,1.01,92.0
zapolyarnyy,RU,1627425399.0,69.4154,30.8136,45.68,45.68,96.0,9.95,31.0
jalu,LY,1627425399.0,29.0331,21.5482,83.59,83.59,29.0,7.81,0.0
owando,CG,1627425399.0,-0.4819,15.8999,76.96,76.96,46.0,3.65,85.0
thinadhoo,MV,1627425236.0,0.5333,72.9333,81.82,81.82,74.0,7.96,100.0
coihaique,CL,1627425165.0,-45.5752,-72.0662,39.15,39.15,75.0,0.0,0.0
abu kamal,SY,1627425400.0,34.4506,40.9171,91.62,91.62,22.0,18.97,0.0
atbasar,KZ,1627425400.0,51.8,68.3333,55.26,55.26,56.0,6.89,44.0
sao joao da barra,BR,1627425400.0,-21.6403,-41.0511,72.46,72.46,86.0,20.94,2.0
escarcega,MX,1627425401.0,18.6089,-90.7454,91.87,91.87,44.0,6.53,58.0
palamos,ES,1627425401.0,41.8484,3.1291,73.29,76.08,20.0,7.54,0.0
comodoro rivadavia,AR,1627425269.0,-45.8667,-67.5,44.46,44.46,61.0,2.3,0.0
isla mujeres,MX,1627425401.0,21.2311,-86.731,87.17,87.85,69.0,11.79,22.0
nhulunbuy,AU,1627425402.0,-12.2333,136.7667,70.41,70.41,100.0,0.0,40.0
tura,IN,1627425402.0,25.5198,90.2201,74.12,74.12,96.0,3.53,99.0
rawson,AR,1627425271.0,-43.3002,-65.1023,42.87,42.87,65.0,18.14,56.0
contai,IN,1627425402.0,21.7786,87.7536,79.84,79.84,86.0,7.18,100.0
ourossogui,SN,1627425402.0,15.6064,-13.3211,93.2,93.2,52.0,4.61,0.0
brokopondo,SR,1627425403.0,4.75,-55.1667,79.79,79.79,79.0,8.9,80.0
patitirion,GR,1627425403.0,39.15,23.8667,78.37,78.37,59.0,10.36,0.0
emerald,AU,1627425273.0,-23.5333,148.1667,63.99,63.99,51.0,4.61,11.0
faya,SA,1627425403.0,18.3851,42.4509,63.12,66.31,78.0,5.53,23.0
oshkosh,US,1627425404.0,44.0247,-88.5426,81.99,87.89,64.0,3.44,90.0
deputatskiy,RU,1627425404.0,69.3,139.9,39.31,39.31,81.0,4.34,94.0
praya,CV,1627425404.0,14.9215,-23.5087,77.54,77.54,73.0,10.36,40.0
fomboni,KM,1627425405.0,-12.28,43.7425,76.06,76.06,69.0,14.0,44.0
rexburg,US,1627425405.0,43.826,-111.7897,88.66,90.66,23.0,10.36,1.0
moose factory,CA,1627425405.0,51.2585,-80.6094,64.38,64.4,68.0,11.5,1.0
megion,RU,1627425128.0,61.0296,76.1136,55.42,55.42,94.0,6.17,62.0
sisian,AM,1627425406.0,39.5256,46.0251,71.96,71.96,92.0,5.7,29.0
fortuna,US,1627425406.0,40.5982,-124.1573,59.47,61.14,96.0,0.0,1.0
vicuna,CL,1627425341.0,-30.0319,-70.7081,47.93,47.93,16.0,1.48,0.0
helvecia,HU,1627425406.0,46.8366,19.6225,74.19,75.7,64.0,0.0,0.0
larap,PH,1627425407.0,14.299,122.6504,81.28,81.28,83.0,9.22,100.0
zabid,YE,1627425407.0,14.1951,43.3152,86.23,86.23,65.0,2.71,90.0
north platte,US,1627425407.0,41.1239,-100.7654,96.3,97.32,34.0,5.99,1.0
gorom-gorom,BF,1627425409.0,14.4439,-0.2361,86.02,86.02,58.0,7.16,100.0
anchorage,US,1627425195.0,61.2181,-149.9003,67.95,70.93,62.0,1.01,1.0
port hardy,CA,1627425409.0,50.6996,-127.4199,60.98,60.98,77.0,4.61,20.0
hobyo,SO,1627425409.0,5.3505,48.5268,77.79,77.79,71.0,20.78,99.0
batsfjord,NO,1627425410.0,70.6345,29.7185,43.02,43.02,91.0,6.89,69.0
aksay,RU,1627425410.0,47.26,39.87,74.25,74.25,45.0,8.01,16.0
antofagasta,CL,1627425373.0,-23.65,-70.4,56.48,56.48,85.0,6.35,23.0
lucapa,AO,1627425410.0,-8.4192,20.7447,61.36,61.36,31.0,2.66,35.0
diffa,NE,1627425411.0,13.3154,12.6113,77.97,77.97,75.0,10.92,94.0
zhanakorgan,KZ,1627425411.0,43.9098,67.2495,74.79,74.79,24.0,10.45,0.0
san quintin,MX,1627425411.0,30.4833,-115.95,75.36,75.36,68.0,13.78,1.0
ahuimanu,US,1627425411.0,21.4447,-157.8378,83.7,89.31,61.0,13.8,40.0
bela vista,BR,1627425412.0,-22.1089,-56.5211,56.91,56.91,38.0,9.24,100.0
sao borja,BR,1627425412.0,-28.6606,-56.0044,43.21,43.21,54.0,5.23,0.0
masuguru,TZ,1627425412.0,-11.3667,38.4167,66.63,66.63,67.0,3.71,1.0
pathein,MM,1627425413.0,16.7833,94.7333,78.91,78.91,92.0,8.88,100.0
mount isa,AU,1627425137.0,-20.7333,139.5,53.37,53.37,71.0,1.14,74.0
saint-paul,RE,1627425413.0,-21.0096,55.2707,68.09,68.09,75.0,2.01,59.0
aguada de pasajeros,CU,1627425413.0,22.385,-80.8508,91.54,91.54,64.0,3.91,43.0
healesville,AU,1627425413.0,-37.65,145.5167,55.71,58.51,75.0,5.99,97.0
nizhniy bestyakh,RU,1627425414.0,61.9594,129.9086,63.88,63.88,59.0,8.95,0.0
pitimbu,BR,1627425414.0,-7.4706,-34.8086,75.79,75.79,84.0,9.24,3.0
nogliki,RU,1627425414.0,51.8333,143.1667,65.07,65.07,95.0,3.89,100.0
moron,AR,1627425415.0,-34.6534,-58.6198,48.54,49.96,53.0,5.01,28.0
iberia,US,1627425415.0,29.9502,-91.7507,87.67,92.08,74.0,6.91,75.0
yavaros,MX,1627425415.0,26.7,-109.5167,101.44,101.44,54.0,14.03,30.0
karasjok,NO,1627425415.0,69.4719,25.5112,46.51,46.51,94.0,6.85,44.0
west bay,KY,1627425416.0,19.3667,-81.4167,75.27,75.27,94.0,11.5,90.0
katobu,ID,1627425223.0,-4.9408,122.5276,75.92,75.92,90.0,2.73,60.0
iqaluit,CA,1627425416.0,63.7506,-68.5145,52.7,53.33,54.0,15.01,90.0
ust-tsilma,RU,1627425416.0,65.441,52.1498,40.42,40.42,98.0,7.61,48.0
ko samui,TH,1627425417.0,9.5357,99.9357,82.98,82.98,77.0,19.28,48.0
chimore,BO,1627425417.0,-16.9833,-65.1333,64.83,64.83,57.0,2.15,100.0
sidi ali,DZ,1627425417.0,36.0998,0.4206,74.89,74.89,67.0,6.17,0.0
batemans bay,AU,1627425418.0,-35.7167,150.1833,63.73,64.09,44.0,10.2,77.0
jackson,US,1627425418.0,42.4165,-122.8345,69.67,76.24,78.0,4.61,20.0
prince rupert,CA,1627425269.0,54.3161,-130.3201,61.02,62.69,76.0,6.91,90.0
whitehorse,CA,1627425341.0,60.7161,-135.0538,59.54,62.02,67.0,11.01,75.0
plouzane,FR,1627425418.0,48.3833,-4.6167,57.31,59.05,88.0,5.75,0.0
barranca,PE,1627425183.0,-10.75,-77.7667,64.27,64.27,82.0,9.37,33.0
beyneu,KZ,1627425419.0,45.3167,55.2,79.47,79.47,21.0,9.84,99.0
ostersund,SE,1627425419.0,63.1792,14.6357,66.65,66.65,59.0,10.36,23.0
shabo,UA,1627425419.0,46.1326,30.386,70.25,70.25,60.0,9.8,13.0
yahotyn,UA,1627425420.0,50.2798,31.7625,68.92,71.51,62.0,7.63,96.0
buala,SB,1627425420.0,-8.145,159.5921,81.9,81.9,78.0,10.2,95.0
karaikkudi,IN,1627425420.0,10.0667,78.7833,82.24,82.24,64.0,6.64,99.0
quelimane,MZ,1627425421.0,-17.8786,36.8883,63.84,63.84,90.0,4.14,35.0
saint anthony,US,1627425421.0,45.0205,-93.218,92.25,96.19,55.0,1.99,40.0
pisco,PE,1627425421.0,-13.7,-76.2167,66.25,66.25,77.0,18.41,0.0
kovdor,RU,1627425186.0,67.5662,30.4758,55.85,55.85,95.0,4.5,100.0
vao,NC,1627425422.0,-22.6667,167.4833,67.84,67.84,61.0,17.05,100.0
mildura,AU,1627425422.0,-34.2,142.15,55.36,55.36,88.0,8.05,75.0
sao filipe,CV,1627425422.0,14.8961,-24.4956,74.64,74.64,81.0,5.3,16.0
qiongshan,CN,1627425422.0,20.0058,110.3542,80.58,80.58,89.0,4.47,0.0
puerto del rosario,ES,1627425423.0,28.5004,-13.8627,73.15,73.15,73.0,14.97,75.0
umm kaddadah,SD,1627425423.0,13.6017,26.6876,83.14,83.14,55.0,10.69,83.0
metro,ID,1627425423.0,-5.1131,105.3067,69.21,69.21,86.0,4.41,22.0
samarai,PG,1627425424.0,-10.6167,150.6667,78.87,78.87,86.0,12.95,83.0
esmeraldas,BR,1627425424.0,-19.7625,-44.3139,68.88,74.26,35.0,1.68,4.0
athens,GR,1627424941.0,37.9795,23.7162,84.78,87.19,27.0,5.01,0.0
oranjemund,NA,1627425424.0,-28.55,16.4333,53.83,53.83,85.0,3.89,9.0
stornoway,GB,1627425425.0,58.2093,-6.3865,53.35,60.93,94.0,8.05,90.0
hambantota,LK,1627425425.0,6.1241,81.1185,80.02,80.02,80.0,17.02,99.0
dunmore east,IE,1627425425.0,52.1514,-6.9861,58.62,59.68,78.0,9.31,41.0
yar-sale,RU,1627425302.0,66.8333,70.8333,47.39,47.39,68.0,8.59,99.0
misratah,LY,1627425426.0,32.3754,15.0925,79.09,79.09,70.0,10.31,0.0
pozo colorado,PY,1627425426.0,-23.4923,-58.7972,54.73,54.73,28.0,5.95,23.0
baiyin,CN,1627425426.0,36.5583,104.2081,54.48,54.48,63.0,7.31,4.0
carballo,ES,1627425427.0,43.213,-8.691,63.23,64.09,91.0,4.7,36.0
zhangjiakou,CN,1627425427.0,40.81,114.8794,71.42,71.42,81.0,1.01,97.0
marshall,US,1627425427.0,34.3834,-86.3333,84.97,91.81,65.0,9.22,40.0
shevchenkove,UA,1627425428.0,49.6959,37.1735,67.78,67.78,52.0,5.88,2.0
palmer,US,1627425246.0,42.1584,-72.3287,79.56,87.17,64.0,4.0,40.0
nishihara,JP,1627425428.0,26.1842,127.7558,80.11,81.68,91.0,10.36,75.0
nouadhibou,MR,1627425428.0,20.931,-17.0347,69.78,69.78,83.0,19.57,3.0
dhrangadhra,IN,1627425429.0,22.9833,71.4667,79.93,79.93,82.0,17.9,100.0
kiunga,PG,1627425429.0,-6.1219,141.2906,74.79,74.79,96.0,2.26,100.0
beloha,MG,1627425283.0,-25.1667,45.05,61.95,61.95,76.0,13.71,0.0
kachug,RU,1627425429.0,53.9606,105.8817,62.89,62.89,67.0,0.81,5.0
humaita,BR,1627425240.0,-7.5061,-63.0208,84.51,84.51,41.0,2.28,29.0
north las vegas,US,1627425397.0,36.1989,-115.1175,99.97,101.84,22.0,0.0,1.0
hirara,JP,1627425242.0,24.8,125.2833,80.87,80.87,100.0,8.05,75.0
coquimbo,CL,1627425430.0,-29.9533,-71.3436,55.13,55.13,82.0,6.91,0.0
makakilo city,US,1627425166.0,21.3469,-158.0858,86.02,88.12,50.0,11.5,40.0
ust-karsk,RU,1627425431.0,52.7011,118.8077,63.36,63.36,97.0,2.06,94.0
carbonia,IT,1627425431.0,39.1672,8.5222,76.87,79.0,64.0,6.78,3.0
gao,ML,1627425431.0,16.6362,1.637,88.5,88.5,50.0,8.75,80.0
ulaangom,MN,1627425431.0,49.9811,92.0667,60.35,60.35,86.0,4.76,52.0
mae hong son,TH,1627425432.0,19.3003,97.9685,73.15,73.15,100.0,0.96,99.0
brindisi,IT,1627425432.0,40.5833,17.6667,80.78,85.44,49.0,5.32,2.0
koslan,RU,1627425432.0,63.4564,48.8989,45.36,45.36,88.0,7.56,100.0
melilla,ES,1627425434.0,35.2937,-2.9383,73.78,75.4,83.0,4.61,20.0
paulo afonso,BR,1627425434.0,-9.4061,-38.2147,71.71,71.71,82.0,9.71,73.0
tarkwa,GH,1627425434.0,5.3064,-1.9847,71.98,71.98,89.0,3.53,96.0
hualmay,PE,1627425184.0,-11.0964,-77.6139,65.16,65.16,82.0,11.07,36.0
isangel,VU,1627425276.0,-19.55,169.2667,75.31,75.31,69.0,3.44,40.0
corn island,NI,1627425435.0,12.1694,-83.0418,81.36,81.36,78.0,9.15,100.0
labuhan,ID,1627425435.0,-6.8844,112.2051,72.88,72.88,88.0,7.52,21.0
port-cartier,CA,1627425435.0,50.0334,-66.8654,66.42,66.42,70.0,11.34,97.0
alice springs,AU,1627425435.0,-23.7,133.8833,63.95,63.95,36.0,5.75,90.0
college,US,1627425436.0,64.8569,-147.8028,64.53,66.52,65.0,9.22,90.0
taltal,CL,1627425255.0,-25.4,-70.4833,56.93,56.93,79.0,3.76,10.0
gigmoto,PH,1627425436.0,13.7796,124.39,82.56,82.56,81.0,15.77,100.0
ambilobe,MG,1627425437.0,-13.2,49.05,65.61,65.61,86.0,3.04,18.0
clyde river,CA,1627425437.0,70.4692,-68.5914,52.03,52.03,71.0,13.8,75.0
byron bay,AU,1627425437.0,-28.65,153.6167,57.13,67.05,65.0,13.69,4.0
dongkan,CN,1627425438.0,33.9997,119.8308,76.98,76.98,94.0,24.0,100.0
usagara,TZ,1627425438.0,-2.6833,33.0,62.82,62.82,43.0,6.17,71.0
ho chi minh city,VN,1627425311.0,10.75,106.6667,77.02,77.02,94.0,6.91,40.0
buraydah,SA,1627425439.0,26.326,43.975,95.45,95.45,16.0,10.4,3.0
bulungu,CD,1627425439.0,-4.55,18.6,68.54,68.54,25.0,1.99,29.0
senanga,ZM,1627425439.0,-16.1167,23.2667,51.26,51.26,52.0,5.73,1.0
los llanos de aridane,ES,1627425439.0,28.6585,-17.9182,66.13,69.55,93.0,14.97,75.0
krasnouralsk,RU,1627425440.0,58.3638,60.0407,45.46,45.46,79.0,7.9,59.0
surt,LY,1627425440.0,31.2089,16.5887,79.07,79.07,68.0,11.05,0.0
zholymbet,KZ,1627425441.0,51.7433,71.7122,53.85,53.85,63.0,6.71,34.0
basco,PH,1627425441.0,20.4487,121.9702,83.37,83.37,86.0,24.52,100.0
traverse city,US,1627425441.0,44.7631,-85.6206,77.0,81.34,69.0,8.05,20.0
eten,PE,1627425441.0,-6.9081,-79.8642,67.96,68.25,83.0,19.57,40.0
huarmey,PE,1627425442.0,-10.0681,-78.1522,66.6,66.6,81.0,9.64,24.0
takanosu,JP,1627425442.0,40.2219,140.3694,73.62,75.96,85.0,11.14,85.0
bure,ET,1627425442.0,10.7,37.0667,57.04,57.04,100.0,2.24,100.0
kaeo,NZ,1627425443.0,-35.1,173.7833,62.33,62.33,78.0,6.46,44.0
karratha,AU,1627425443.0,-20.7377,116.8463,68.07,68.07,71.0,5.68,6.0
lakes entrance,AU,1627425224.0,-37.8811,147.981,61.18,61.18,56.0,14.29,78.0
menongue,AO,1627425443.0,-14.6585,17.691,50.22,50.22,42.0,5.86,0.0
thoen,TH,1627425444.0,17.6129,99.2161,71.56,71.56,95.0,2.95,100.0
strelka,RU,1627425444.0,58.0728,93.0344,56.95,56.95,89.0,5.86,100.0
igrim,RU,1627425444.0,63.1906,64.4162,41.4,41.4,81.0,5.37,19.0
tadine,NC,1627425445.0,-21.55,167.8833,70.59,70.59,54.0,14.94,66.0
quesnel,CA,1627425350.0,52.9999,-122.5029,75.7,75.7,33.0,3.44,1.0
morehead,US,1627425445.0,37.2711,-87.1764,90.95,92.86,53.0,3.44,1.0
warrnambool,AU,1627425446.0,-38.3833,142.4833,52.81,52.81,76.0,24.14,35.0
awjilah,LY,1627425446.0,29.1081,21.2869,82.26,82.26,34.0,8.48,0.0
along,IN,1627425446.0,28.1667,94.7667,74.7,74.7,94.0,1.59,98.0
villa carlos paz,AR,1627425446.0,-31.4241,-64.4978,47.93,50.4,28.0,1.99,10.0
bemidji,US,1627425447.0,47.4736,-94.8803,84.29,89.15,41.0,5.75,1.0
half moon bay,US,1627425436.0,37.4636,-122.4286,76.82,97.92,67.0,10.36,20.0
saryagash,KZ,1627425447.0,41.4511,69.1701,75.16,75.16,29.0,6.93,0.0
gizo,SB,1627425451.0,-8.103,156.8419,82.8,82.8,74.0,8.1,86.0
vung tau,VN,1627425451.0,10.346,107.0843,80.67,80.67,83.0,16.67,89.0
aklavik,CA,1627425451.0,68.2191,-135.0107,62.6,63.43,77.0,4.61,75.0
bor,RU,1627425452.0,56.3567,44.0669,61.56,61.56,96.0,1.9,60.0
chuguyevka,RU,1627425452.0,44.1653,133.8633,82.98,82.98,67.0,0.92,51.0
springfield,US,1627425343.0,37.2153,-93.2982,91.74,94.17,58.0,4.0,1.0
port augusta,AU,1627425452.0,-32.5,137.7667,56.71,56.71,74.0,8.03,11.0
shubarkuduk,KZ,1627425452.0,49.1447,56.4872,67.32,67.32,41.0,7.65,82.0
olafsvik,IS,1627425184.0,64.8945,-23.7142,51.78,51.78,86.0,12.95,100.0
santa maria,BR,1627425169.0,-29.6842,-53.8069,43.9,43.9,57.0,4.61,0.0
linhares,BR,1627425453.0,-19.3911,-40.0722,68.83,68.83,87.0,3.62,57.0
denia,ES,1627425453.0,38.8408,0.1057,76.98,78.94,78.0,3.0,0.0
ouesso,CG,1627425453.0,1.6136,16.0517,74.23,74.23,77.0,3.51,84.0
leh,IN,1627425454.0,34.1667,77.5833,63.36,63.36,56.0,1.72,100.0
murmino,RU,1627425454.0,54.6036,40.0544,64.13,64.13,62.0,1.34,74.0
petropavlovsk-kamchatskiy,RU,1627425454.0,53.0452,158.6483,70.39,70.39,64.0,11.18,0.0
berlevag,NO,1627425222.0,70.8578,29.0864,46.47,46.47,89.0,7.11,78.0
shumskiy,RU,1627425455.0,54.8318,99.1328,63.5,63.5,97.0,3.24,100.0
vestmannaeyjar,IS,1627425455.0,63.4427,-20.2734,53.35,53.35,85.0,10.8,37.0
maturin,VE,1627425455.0,9.75,-63.1767,75.47,75.47,93.0,5.61,73.0
bambous virieux,MU,1627425183.0,-20.3428,57.7575,66.45,68.22,100.0,19.57,75.0
vilhena,BR,1627425456.0,-12.7406,-60.1458,77.22,77.22,69.0,12.66,0.0
jurm,AF,1627425456.0,36.8648,70.8342,67.51,67.51,51.0,1.45,0.0
esfarayen,IR,1627425456.0,37.0765,57.5101,67.66,67.66,25.0,5.39,0.0
kashin,RU,1627425457.0,57.3592,37.6081,61.66,61.66,77.0,4.36,39.0
macau,MO,1627425457.0,22.2006,113.5461,85.78,87.71,84.0,9.22,20.0
kuala terengganu,MY,1627425457.0,5.3302,103.1408,76.95,76.95,100.0,4.61,20.0
erzin,TR,1627425458.0,36.9559,36.2,81.01,86.52,71.0,1.7,0.0
kirakira,SB,1627425228.0,-10.4544,161.9205,83.19,83.19,73.0,10.33,58.0
talaya,RU,1627425458.0,61.3833,152.75,49.8,49.8,61.0,14.16,100.0
tourlaville,FR,1627425458.0,49.6383,-1.5664,60.22,61.66,88.0,13.8,75.0
touros,BR,1627425458.0,-5.1989,-35.4608,76.1,76.1,83.0,13.02,1.0
yaan,NG,1627425459.0,7.3833,8.5667,71.22,71.22,82.0,2.86,22.0
kant,IN,1627425459.0,27.8,79.8,81.05,81.05,88.0,10.69,91.0
lagos,NG,1627425459.0,6.5833,3.75,77.32,77.32,81.0,5.39,100.0
mandera,KE,1627425460.0,3.9366,41.867,77.09,77.09,59.0,19.71,99.0
cockburn town,TC,1627425460.0,21.4612,-71.1419,84.16,84.16,70.0,13.8,40.0
maua,BR,1627425460.0,-23.6678,-46.4614,63.86,75.49,87.0,12.17,79.0
port-gentil,GA,1627425371.0,-0.7193,8.7815,75.16,75.16,88.0,4.61,20.0
shingu,JP,1627425461.0,33.7333,135.9833,79.92,79.92,62.0,2.39,95.0
sabang,ID,1627425461.0,5.8933,95.3214,82.99,82.99,76.0,20.0,44.0
quzhou,CN,1627425461.0,28.9594,118.8686,78.44,78.44,93.0,3.8,88.0
that phanom,TH,1627425461.0,16.9364,104.7104,75.85,75.85,93.0,6.38,100.0
ternate,ID,1627425462.0,0.8,127.4,81.86,81.86,79.0,7.7,65.0
coalinga,US,1627425462.0,36.1397,-120.3602,99.7,100.65,30.0,2.08,0.0
vostok,RU,1627425462.0,46.4856,135.8833,82.09,82.09,62.0,0.47,89.0
galveston,US,1627425463.0,29.3669,-94.9669,90.19,93.31,62.0,3.0,1.0
nilagiri,IN,1627425463.0,21.4582,86.7722,79.41,79.41,82.0,9.8,100.0
morondava,MG,1627425235.0,-20.2833,44.2833,66.15,66.15,54.0,11.1,0.0
bandar-e lengeh,IR,1627425463.0,26.5579,54.8807,91.44,91.44,70.0,6.6,25.0
taoudenni,ML,1627425464.0,22.6783,-3.9836,103.21,103.21,8.0,10.13,56.0
